{"camera_0": {"R": [[1.0, 0.0, 0.0], [0.0, 1.0, 0.0], [0.0, 0.0, 1.0]], "t": [[0.0], [0.0], [0.0]]}, "camera_1": {"R": [[0.2764545850615227, 0.6411413554788125, -0.7158984737330095], [-0.6142342016431893, 0.6907969138293999, 0.3814655546383326], [0.7391137990392381, 0.3342714258481691, 0.5847849227974478]], "t": [[0.9046891730364872], [-0.4586200284778773], [0.4116043071485103]]}, "camera_2": {"R": [[-0.9225341202242016, 0.19466816861061023, -0.3332192988888089], [-0.21174171245054638, 0.46654843356933906, 0.8587770411128295], [0.3226394957699204, 0.862807547060054, -0.3891874773236471]], "t": [[0.6608404316319432], [-0.9856752147428869], [1.841248750431145]]}, "camera_3": {"R": [[-0.295345252917487, -0.5115425160954635, 0.806904849288829], [0.5393746146148023, 0.6078337941737566, 0.5827633342699834], [-0.7885722583810814, 0.6073403764669836, 0.09639222180603307]], "t": [[-1.0156024404617172], [-0.857477658413248], [1.2475720463485054]]}}