{"camera_0": {"R": [[1.0, 0.0, 0.0], [0.0, 1.0, 0.0], [0.0, 0.0, 1.0]], "t": [[0.0], [0.0], [0.0]]}, "camera_1": {"R": [[0.2600849562740468, 0.6313406241384951, -0.7305921104366938], [-0.5970744904481033, 0.6997896559576151, 0.3921689562814221], [0.7588529952342974, 0.33422066621790114, 0.5589621435274461]], "t": [[0.9944327635475594], [-0.5047470713589945], [0.4784241930537556]]}, "camera_2": {"R": [[-0.9251653931012481, 0.20476159117242232, -0.31959612980815466], [-0.19284737755721837, 0.4716542531398752, 0.8604371879831615], [0.32692336162641655, 0.857679984770313, -0.39687045663198317]], "t": [[0.6837047570733347], [-1.0720235295300105], [1.990317759116498]]}, "camera_3": {"R": [[-0.3742631883371258, -0.4940006760509821, 0.7847868487155614], [0.5624076828744993, 0.5519642566033435, 0.6156566069458321], [-0.7373090695898603, 0.6717877577728629, 0.07124987303177016]], "t": [[-0.9998906661857018], [-0.9607123893808578], [1.324689410344328]]}}