{"camera_0": {"R": [[1.0, 0.0, 0.0], [0.0, 1.0, 0.0], [0.0, 0.0, 1.0]], "t": [[0.0], [0.0], [0.0]]}, "camera_1": {"R": [[0.24183504430405423, 0.6322136566411946, -0.7360853915836302], [-0.6007204067834352, 0.6932919676251049, 0.3980970239783951], [0.762004464698469, 0.3459077044283352, 0.5474459386978036]], "t": [[1.1149840213925915], [-0.5695609772743602], [0.5614285131104213]]}, "camera_2": {"R": [[-0.9236574206484742, 0.2106150194862746, -0.32015353011922865], [-0.19704870411272346, 0.45550518697176157, 0.8681513882090593], [0.32867731514131615, 0.8649603101926796, -0.379229329433892]], "t": [[0.7668562567247791], [-1.20631027685234], [2.1965380698461523]]}, "camera_3": {"R": [[-0.36403331352054386, -0.5163078863452016, 0.7751812131011715], [0.5518908157718144, 0.5508612520849059, 0.6260738042900141], [-0.7502641362306843, 0.6557271135534964, 0.08441373369793059]], "t": [[-1.0915334629485258], [-1.093737093484811], [1.4673137746735805]]}}