{"camera_0": {"R": [[1.0, 0.0, 0.0], [0.0, 1.0, 0.0], [0.0, 0.0, 1.0]], "t": [[0.0], [0.0], [0.0]]}, "camera_1": {"R": [[0.2570506007558874, 0.6333046757680313, -0.7299658733813424], [-0.599359222245165, 0.6970013571760054, 0.39364658109080214], [0.7580854248438683, 0.33632468798046217, 0.5587416155023146]], "t": [[0.4474849859678066], [-0.2286447509394192], [0.215942509421858]]}, "camera_2": {"R": [[-0.9256389720213166, 0.20444367210759884, -0.3184262527030093], [-0.19256821099630766, 0.4698852272865115, 0.8614669798033959], [0.3257452648757947, 0.8587261834328005, -0.3955747265662134]], "t": [[0.30680470305863816], [-0.4832133537347173], [0.8934235332267348]]}, "camera_3": {"R": [[-0.3729342149996482, -0.4954392264921384, 0.7845126156636791], [0.5667395236415329, 0.5478281828039786, 0.6153784156665381], [-0.7346607268836168, 0.6741099724663342, 0.0764811179067984]], "t": [[-0.4500370595217018], [-0.4324606913811302], [0.5938408682847225]]}}