{"camera_0": {"R": [[1.0, 0.0, 0.0], [0.0, 1.0, 0.0], [0.0, 0.0, 1.0]], "t": [[0.0], [0.0], [0.0]]}, "camera_1": {"R": [[-0.4037768238020227, 0.4798867503612098, -0.7788921513201351], [-0.5202439199275963, 0.5798793012563811, 0.6269659159418318], [0.7525360724501645, 0.6583682121747444, 0.015516341679393864]], "t": [[0.9871929758353689], [-0.8291737028452133], [1.3071782985981923]]}, "camera_2": {"R": [[-0.7454917256182726, -0.39218430284532924, 0.5389188803859201], [0.34581882370672756, 0.46361912627276614, 0.8157613909251729], [-0.5697819128445424, 0.7945116603019748, -0.2099995081885052]], "t": [[-0.6822819425736817], [-1.1117950602480249], [1.461948249755647]]}, "camera_3": {"R": [[0.3712781680811029, -0.3333317016964758, 0.8666270815930412], [0.524524149835714, 0.8454467675481225, 0.10046979387633037], [-0.7661768321643911, 0.417264592179306, 0.4887364545109928]], "t": [[-1.1088193963481217], [-0.373255565753906], [0.8857447662760897]]}}